<?xml version="1.0" encoding="UTF-8"?>
<project-private xmlns="http://www.netbeans.org/ns/project-private/1">
    <editor-bookmarks xmlns="http://www.netbeans.org/ns/editor-bookmarks/2" lastBookmarkId="0"/>
    <open-files xmlns="http://www.netbeans.org/ns/projectui-open-files/2">
        <group>
            <file>file:/C:/Users/Hp/Desktop/Repositories/ProyectoTAW/RedSocial/RedSocial-war/web/editprofile.jsp</file>
            <file>file:/C:/Users/Hp/Desktop/Repositories/ProyectoTAW/RedSocial/RedSocial-war/web/index.jsp</file>
            <file>file:/C:/Users/Hp/Desktop/Repositories/ProyectoTAW/RedSocial/RedSocial-war/src/java/redsocial/servlet/RegistroServlet.java</file>
            <file>file:/C:/Users/Hp/Desktop/Repositories/ProyectoTAW/RedSocial/RedSocial-war/web/profile.jsp</file>
            <file>file:/C:/Users/Hp/Desktop/Repositories/ProyectoTAW/RedSocial/RedSocial-war/src/java/redsocial/servlet/AddIntegranteServlet.java</file>
            <file>file:/C:/Users/Hp/Desktop/Repositories/ProyectoTAW/RedSocial/RedSocial-war/web/coincidentesIntegrantes.jsp</file>
            <file>file:/C:/Users/Hp/Desktop/Repositories/ProyectoTAW/RedSocial/RedSocial-war/web/amigos.jsp</file>
            <file>file:/C:/Users/Hp/Desktop/Repositories/ProyectoTAW/RedSocial/RedSocial-war/web/newpost.jsp</file>
            <file>file:/C:/Users/Hp/Desktop/Repositories/ProyectoTAW/RedSocial/RedSocial-war/web/editgrupo.jsp</file>
            <file>file:/C:/Users/Hp/Desktop/Repositories/ProyectoTAW/RedSocial/RedSocial-war/web/coincidentes.jsp</file>
            <file>file:/C:/Users/Hp/Desktop/Repositories/ProyectoTAW/RedSocial/RedSocial-war/web/registro.html</file>
            <file>file:/C:/Users/Hp/Desktop/Repositories/ProyectoTAW/RedSocial/RedSocial-war/web/muro.jsp</file>
            <file>file:/C:/Users/Hp/Desktop/Repositories/ProyectoTAW/RedSocial/RedSocial-war/web/paginagrupo.jsp</file>
            <file>file:/C:/Users/Hp/Desktop/Repositories/ProyectoTAW/RedSocial/RedSocial-war/web/integrantes.jsp</file>
        </group>
    </open-files>
</project-private>
